Region,Day,Currency code,Cost
Hytera Mexico,2026/2/27,USD,0.17
Hytera LATAM South,2026/2/27,USD,5.42
Hytera Brazil,2026/2/27,USD,0.01
Hytera Mexico,2026/2/28,USD,1.32
Hytera LATAM South,2026/2/28,USD,13.4
Hytera Brazil,2026/2/28,USD,0.07
Hytera Mexico,2026/3/1,USD,1.03
Hytera LATAM South,2026/3/1,USD,3.58
Hytera Brazil,2026/3/1,USD,0.39
Hytera Mexico,2026/3/2,USD,4.01
Hytera LATAM South,2026/3/2,USD,7.04
Hytera Brazil,2026/3/2,USD,1.34
Hytera Mexico,2026/3/3,USD,3.23
Hytera LATAM South,2026/3/3,USD,8.72
Hytera Brazil,2026/3/3,USD,1.24
Hytera Mexico,2026/3/4,USD,2.43
Hytera LATAM South,2026/3/4,USD,6.82
Hytera Brazil,2026/3/4,USD,0.85
Hytera Mexico,2026/3/5,USD,1.8
Hytera LATAM South,2026/3/5,USD,5.54
Hytera Brazil,2026/3/5,USD,2.14
Hytera Mexico,2026/3/6,USD,1.32
Hytera LATAM South,2026/3/6,USD,1.93
Hytera Brazil,2026/3/6,USD,1.42
Hytera Mexico,2026/3/7,USD,1.79
Hytera LATAM South,2026/3/7,USD,5.56
Hytera Brazil,2026/3/7,USD,0.41
Hytera Mexico,2026/3/8,USD,1.93
Hytera LATAM South,2026/3/8,USD,5.67
Hytera Brazil,2026/3/8,USD,0.71
Hytera Mexico,2026/3/9,USD,2.53
Hytera LATAM South,2026/3/9,USD,2.48
Hytera Brazil,2026/3/9,USD,1.18
Hytera Mexico,2026/3/10,USD,4.11
Hytera LATAM South,2026/3/10,USD,2.74
Hytera Brazil,2026/3/10,USD,1.07
Hytera Mexico,2026/3/11,USD,5.66
Hytera LATAM South,2026/3/11,USD,4.11
Hytera Brazil,2026/3/11,USD,0.6
Hytera Mexico,2026/3/12,USD,16.02
Hytera LATAM South,2026/3/12,USD,3.46
Hytera Brazil,2026/3/12,USD,2.11
Hytera Mexico,2026/3/13,USD,60.35
Hytera LATAM South,2026/3/13,USD,58.84
Hytera Brazil,2026/3/13,USD,26.97
Hytera Mexico,2026/3/14,USD,38.58
Hytera LATAM South,2026/3/14,USD,91.02
Hytera Brazil,2026/3/14,USD,77.99
Hytera LATAM North,2026/3/15,USD,24.15
Hytera Mexico,2026/3/15,USD,40.92
Hytera LATAM South,2026/3/15,USD,65.96
Hytera Brazil,2026/3/15,USD,61.55
Hytera LATAM North,2026/3/16,USD,18.54
Hytera Mexico,2026/3/16,USD,38.45
Hytera LATAM South,2026/3/16,USD,54.54
Hytera Brazil,2026/3/16,USD,72.21
Hytera LATAM North,2026/3/17,USD,13.62
Hytera Mexico,2026/3/17,USD,43.02
Hytera LATAM South,2026/3/17,USD,57.5
Hytera Brazil,2026/3/17,USD,87.55
Hytera LATAM North,2026/3/18,USD,13.67
Hytera Mexico,2026/3/18,USD,47.28
Hytera LATAM South,2026/3/18,USD,61.17
Hytera Brazil,2026/3/18,USD,88.05
Hytera LATAM North,2026/3/19,USD,2.88
Hytera Mexico,2026/3/19,USD,41.62
Hytera LATAM South,2026/3/19,USD,47.53
Hytera Brazil,2026/3/19,USD,78.03
Hytera LATAM North,2026/3/20,USD,22.94
Hytera Mexico,2026/3/20,USD,47.93
Hytera LATAM South,2026/3/20,USD,82.59
Hytera Brazil,2026/3/20,USD,81.36
Hytera LATAM North,2026/3/21,USD,14.67
Hytera Mexico,2026/3/21,USD,35.45
Hytera LATAM South,2026/3/21,USD,65.04
Hytera Brazil,2026/3/21,USD,50.36
Hytera LATAM North,2026/3/22,USD,19.55
Hytera Mexico,2026/3/22,USD,39.69
Hytera LATAM South,2026/3/22,USD,67.35
Hytera Brazil,2026/3/22,USD,47.93
Hytera LATAM North,2026/3/23,USD,9.08
Hytera Mexico,2026/3/23,USD,36.18
Hytera LATAM South,2026/3/23,USD,54.83
Hytera Brazil,2026/3/23,USD,60.85
Hytera LATAM North,2026/3/24,USD,11.86
Hytera Mexico,2026/3/24,USD,37.6
Hytera LATAM South,2026/3/24,USD,64.46
Hytera Brazil,2026/3/24,USD,77.97
Hytera LATAM North,2026/3/25,USD,10.56
Hytera Mexico,2026/3/25,USD,43.09
Hytera LATAM South,2026/3/25,USD,101.73
Hytera Brazil,2026/3/25,USD,79.91
Hytera LATAM North,2026/3/26,USD,10.33
Hytera Mexico,2026/3/26,USD,47.28
Hytera LATAM South,2026/3/26,USD,123.58
Hytera Brazil,2026/3/26,USD,74.36
Hytera LATAM North,2026/3/27,USD,10.75
Hytera Mexico,2026/3/27,USD,43.82
Hytera LATAM South,2026/3/27,USD,107.3
Hytera Brazil,2026/3/27,USD,67.35
Hytera LATAM North,2026/3/28,USD,10.37
Hytera Mexico,2026/3/28,USD,40.32
Hytera LATAM South,2026/3/28,USD,91.85
Hytera Brazil,2026/3/28,USD,56.94
Hytera LATAM North,2026/3/29,USD,11.4
Hytera Mexico,2026/3/29,USD,34.14
Hytera LATAM South,2026/3/29,USD,87.18
Hytera Brazil,2026/3/29,USD,52.85
Hytera LATAM North,2026/3/30,USD,9.97
Hytera Mexico,2026/3/30,USD,50.55
Hytera LATAM South,2026/3/30,USD,72.5
Hytera Brazil,2026/3/30,USD,51.08
Hytera LATAM North,2026/3/31,USD,9.66
Hytera Mexico,2026/3/31,USD,43.11
Hytera LATAM South,2026/3/31,USD,104.88
Hytera Brazil,2026/3/31,USD,67.89
Hytera LATAM North,2026/4/1,USD,12.39
Hytera Mexico,2026/4/1,USD,47.92
Hytera LATAM South,2026/4/1,USD,114.01
Hytera Brazil,2026/4/1,USD,72.56
Hytera LATAM North,2026/4/2,USD,14.35
Hytera Mexico,2026/4/2,USD,38.71
Hytera LATAM South,2026/4/2,USD,99.69
Hytera Brazil,2026/4/2,USD,78.37
Hytera LATAM North,2026/4/3,USD,12.1
Hytera Mexico,2026/4/3,USD,39.85
Hytera LATAM South,2026/4/3,USD,96.76
Hytera Brazil,2026/4/3,USD,63.44
Hytera LATAM North,2026/4/4,USD,12.08
Hytera Mexico,2026/4/4,USD,41.25
Hytera LATAM South,2026/4/4,USD,90.33
Hytera Brazil,2026/4/4,USD,50.93
Hytera LATAM North,2026/4/5,USD,12.28
Hytera Mexico,2026/4/5,USD,37.88
Hytera LATAM South,2026/4/5,USD,90.53
Hytera Brazil,2026/4/5,USD,50.3
Hytera LATAM North,2026/4/6,USD,12.71
Hytera Mexico,2026/4/6,USD,59.53
Hytera LATAM South,2026/4/6,USD,90.28
Hytera Brazil,2026/4/6,USD,69.24
Hytera LATAM North,2026/4/7,USD,12.71
Hytera Mexico,2026/4/7,USD,51.09
Hytera LATAM South,2026/4/7,USD,121.67
Hytera Brazil,2026/4/7,USD,80.48
Hytera LATAM North,2026/4/8,USD,12.64
Hytera Mexico,2026/4/8,USD,76.59
Hytera LATAM South,2026/4/8,USD,128.81
Hytera Brazil,2026/4/8,USD,93.89
Hytera LATAM North,2026/4/9,USD,12.66
Hytera Mexico,2026/4/9,USD,78.31
Hytera LATAM South,2026/4/9,USD,132.97
Hytera Brazil,2026/4/9,USD,90.56
Hytera LATAM North,2026/4/10,USD,12.62
Hytera Mexico,2026/4/10,USD,53.17
Hytera LATAM South,2026/4/10,USD,134.51
Hytera Brazil,2026/4/10,USD,96.86
Hytera LATAM North,2026/4/11,USD,12.89
Hytera Mexico,2026/4/11,USD,51.59
Hytera LATAM South,2026/4/11,USD,102
Hytera Brazil,2026/4/11,USD,69.58
Hytera LATAM North,2026/4/12,USD,12.32
Hytera Mexico,2026/4/12,USD,55.51
Hytera LATAM South,2026/4/12,USD,90.29
Hytera Brazil,2026/4/12,USD,71.15
Hytera LATAM North,2026/4/13,USD,12.4
Hytera Mexico,2026/4/13,USD,76.21
Hytera LATAM South,2026/4/13,USD,118.76
Hytera Brazil,2026/4/13,USD,95.13
Hytera LATAM North,2026/4/14,USD,12.47
Hytera Mexico,2026/4/14,USD,65.51
Hytera LATAM South,2026/4/14,USD,153.5
Hytera Brazil,2026/4/14,USD,97.99
Hytera LATAM North,2026/4/15,USD,12.46
Hytera Mexico,2026/4/15,USD,61.63
Hytera LATAM South,2026/4/15,USD,128.48
Hytera Brazil,2026/4/15,USD,109.81
Hytera LATAM North,2026/4/16,USD,15.34
Hytera Mexico,2026/4/16,USD,119.63
Hytera LATAM South,2026/4/16,USD,156.72
Hytera Brazil,2026/4/16,USD,202.47
Hytera LATAM North,2026/4/17,USD,32.93
Hytera Mexico,2026/4/17,USD,79.76
Hytera LATAM South,2026/4/17,USD,275.82
Hytera Brazil,2026/4/17,USD,176.15
Hytera LATAM North,2026/4/18,USD,13.27
Hytera Mexico,2026/4/18,USD,53.9
Hytera LATAM South,2026/4/18,USD,177.59
Hytera Brazil,2026/4/18,USD,116.11
Hytera LATAM North,2026/4/19,USD,13.27
Hytera Mexico,2026/4/19,USD,53.88
Hytera LATAM South,2026/4/19,USD,126.42
Hytera Brazil,2026/4/19,USD,83.01
Hytera LATAM North,2026/4/20,USD,11.28
Hytera Mexico,2026/4/20,USD,126.92
Hytera LATAM South,2026/4/20,USD,186.14
Hytera Brazil,2026/4/20,USD,162.4
Hytera LATAM North,2026/4/21,USD,12.43
Hytera Mexico,2026/4/21,USD,110.84
Hytera LATAM South,2026/4/21,USD,239.84
Hytera Brazil,2026/4/21,USD,141.01
Hytera LATAM North,2026/4/22,USD,14.44
Hytera Mexico,2026/4/22,USD,124.96
Hytera LATAM South,2026/4/22,USD,230.87
Hytera Brazil,2026/4/22,USD,140.88
Hytera LATAM North,2026/4/23,USD,12.43
Hytera Mexico,2026/4/23,USD,132.38
Hytera LATAM South,2026/4/23,USD,225.33
Hytera Brazil,2026/4/23,USD,149.22
Hytera LATAM North,2026/4/24,USD,13.37
Hytera Mexico,2026/4/24,USD,91.31
Hytera LATAM South,2026/4/24,USD,214.87
Hytera Brazil,2026/4/24,USD,160.3
Hytera LATAM North,2026/4/25,USD,12.62
Hytera Mexico,2026/4/25,USD,60.75
Hytera LATAM South,2026/4/25,USD,181.52
Hytera Brazil,2026/4/25,USD,141.56
Hytera LATAM North,2026/4/26,USD,11.32
Hytera Mexico,2026/4/26,USD,46.13
Hytera LATAM South,2026/4/26,USD,127.74
Hytera Brazil,2026/4/26,USD,94.09
Hytera LATAM North,2026/4/27,USD,9.43
Hytera Mexico,2026/4/27,USD,80.35
Hytera LATAM South,2026/4/27,USD,195.87
Hytera Brazil,2026/4/27,USD,160.51
Hytera LATAM North,2026/4/28,USD,9.48
Hytera Mexico,2026/4/28,USD,112.85
Hytera LATAM South,2026/4/28,USD,215.78
Hytera Brazil,2026/4/28,USD,181.95
Hytera LATAM North,2026/4/29,USD,11.69
Hytera Mexico,2026/4/29,USD,100.89
Hytera LATAM South,2026/4/29,USD,199.6
Hytera Brazil,2026/4/29,USD,141.85
Hytera LATAM North,2026/4/30,USD,6.58
Hytera Mexico,2026/4/30,USD,61.97
Hytera LATAM South,2026/4/30,USD,171.76
Hytera Brazil,2026/4/30,USD,124.99
Hytera LATAM North,2026/5/1,USD,12.18
Hytera Mexico,2026/5/1,USD,60.03
Hytera LATAM South,2026/5/1,USD,180.88
Hytera Brazil,2026/5/1,USD,132.22
Hytera LATAM North,2026/5/2,USD,12.02
Hytera Mexico,2026/5/2,USD,58.21
Hytera LATAM South,2026/5/2,USD,138.58
Hytera Brazil,2026/5/2,USD,73.54
Hytera LATAM North,2026/5/3,USD,13.1
Hytera Mexico,2026/5/3,USD,41.36
Hytera LATAM South,2026/5/3,USD,100.55
Hytera Brazil,2026/5/3,USD,64.72
Hytera LATAM North,2026/5/4,USD,11.71
Hytera Mexico,2026/5/4,USD,131.84
Hytera LATAM South,2026/5/4,USD,166.99
Hytera Brazil,2026/5/4,USD,184.44
Hytera LATAM North,2026/5/5,USD,12.48
Hytera Mexico,2026/5/5,USD,101.13
Hytera LATAM South,2026/5/5,USD,280.6
Hytera Brazil,2026/5/5,USD,206.3
Hytera LATAM North,2026/5/6,USD,12.12
Hytera Mexico,2026/5/6,USD,106.3
Hytera LATAM South,2026/5/6,USD,209.02
Hytera Brazil,2026/5/6,USD,197.66
Hytera LATAM North,2026/5/7,USD,12.78
Hytera Mexico,2026/5/7,USD,122.51
Hytera LATAM South,2026/5/7,USD,245.9
Hytera Brazil,2026/5/7,USD,205.94
Hytera LATAM North,2026/5/8,USD,12.74
Hytera Mexico,2026/5/8,USD,93.1
Hytera LATAM South,2026/5/8,USD,204.6
Hytera Brazil,2026/5/8,USD,202.53
Hytera LATAM North,2026/5/9,USD,15.17
Hytera Mexico,2026/5/9,USD,54.07
Hytera LATAM South,2026/5/9,USD,168.26
Hytera Brazil,2026/5/9,USD,147.94
Hytera LATAM North,2026/5/10,USD,12.28
Hytera Mexico,2026/5/10,USD,50.16
Hytera LATAM South,2026/5/10,USD,121.27
Hytera Brazil,2026/5/10,USD,67.59
Hytera LATAM North,2026/5/11,USD,12.57
Hytera Mexico,2026/5/11,USD,99.97
Hytera LATAM South,2026/5/11,USD,122.48
Hytera Brazil,2026/5/11,USD,130.33
Hytera LATAM North,2026/5/12,USD,11.85
Hytera Mexico,2026/5/12,USD,106.4
Hytera LATAM South,2026/5/12,USD,244.37
Hytera Brazil,2026/5/12,USD,179.5
Hytera LATAM North,2026/5/13,USD,12.1
Hytera Mexico,2026/5/13,USD,102.75
Hytera LATAM South,2026/5/13,USD,228.72
Hytera Brazil,2026/5/13,USD,161.92
Hytera LATAM North,2026/5/14,USD,14.57
Hytera Mexico,2026/5/14,USD,97.99
Hytera LATAM South,2026/5/14,USD,193.9
Hytera Brazil,2026/5/14,USD,173.78
Hytera LATAM North,2026/5/15,USD,12.56
Hytera Mexico,2026/5/15,USD,81.94
Hytera LATAM South,2026/5/15,USD,198.36
Hytera Brazil,2026/5/15,USD,146.75
Hytera LATAM North,2026/5/16,USD,11.52
Hytera Mexico,2026/5/16,USD,66.51
Hytera LATAM South,2026/5/16,USD,155.39
Hytera Brazil,2026/5/16,USD,160.44
Hytera LATAM North,2026/5/17,USD,11.46
Hytera Mexico,2026/5/17,USD,58.12
Hytera LATAM South,2026/5/17,USD,135.56
Hytera Brazil,2026/5/17,USD,68.64
Hytera LATAM North,2026/5/18,USD,10.97
Hytera Mexico,2026/5/18,USD,151.82
Hytera LATAM South,2026/5/18,USD,185.2
Hytera Brazil,2026/5/18,USD,154.25
Hytera LATAM North,2026/5/19,USD,41.3
Hytera Mexico,2026/5/19,USD,176.88
Hytera LATAM South,2026/5/19,USD,290.9
Hytera Brazil,2026/5/19,USD,235.95
Hytera LATAM North,2026/5/20,USD,25.11
Hytera Mexico,2026/5/20,USD,191.9
Hytera LATAM South,2026/5/20,USD,344.65
Hytera Brazil,2026/5/20,USD,262.27
Hytera LATAM North,2026/5/21,USD,45.97
Hytera Mexico,2026/5/21,USD,173.27
Hytera LATAM South,2026/5/21,USD,364.39
Hytera Brazil,2026/5/21,USD,228.37
Hytera LATAM North,2026/5/22,USD,17.96
Hytera Mexico,2026/5/22,USD,141.68
Hytera LATAM South,2026/5/22,USD,374.18
Hytera Brazil,2026/5/22,USD,245.72
Hytera LATAM North,2026/5/23,USD,31.23
Hytera Mexico,2026/5/23,USD,64.22
Hytera LATAM South,2026/5/23,USD,312.47
Hytera Brazil,2026/5/23,USD,153.46
Hytera LATAM North,2026/5/24,USD,16.07
Hytera Mexico,2026/5/24,USD,84.24
Hytera LATAM South,2026/5/24,USD,171.39
Hytera Brazil,2026/5/24,USD,102.51
Hytera LATAM North,2026/5/25,USD,11.68
Hytera Mexico,2026/5/25,USD,188.31
Hytera LATAM South,2026/5/25,USD,244.83
Hytera Brazil,2026/5/25,USD,201.38
Hytera LATAM North,2026/5/26,USD,13.23
Hytera Mexico,2026/5/26,USD,174.5
Hytera LATAM South,2026/5/26,USD,405.07
Hytera Brazil,2026/5/26,USD,257.48
Hytera LATAM North,2026/5/27,USD,12.4
Hytera Mexico,2026/5/27,USD,192.64
Hytera LATAM South,2026/5/27,USD,332.38
Hytera Brazil,2026/5/27,USD,261.74
Hytera LATAM North,2026/5/28,USD,13.95
Hytera Mexico,2026/5/28,USD,210.23
Hytera LATAM South,2026/5/28,USD,287.54
Hytera Brazil,2026/5/28,USD,210.47
Hytera LATAM North,2026/5/29,USD,19.29
Hytera Mexico,2026/5/29,USD,143.87
Hytera LATAM South,2026/5/29,USD,295.19
Hytera Brazil,2026/5/29,USD,144.31
Hytera LATAM North,2026/5/30,USD,24.17
Hytera Mexico,2026/5/30,USD,63.6
Hytera LATAM South,2026/5/30,USD,191.32
Hytera Brazil,2026/5/30,USD,94.17
Hytera LATAM North,2026/5/31,USD,24.23
Hytera Mexico,2026/5/31,USD,89.63
Hytera LATAM South,2026/5/31,USD,152.41
Hytera Brazil,2026/5/31,USD,62.3
Hytera LATAM North,2026/6/1,USD,22.65
Hytera Mexico,2026/6/1,USD,169.66
Hytera LATAM South,2026/6/1,USD,203.92
Hytera Brazil,2026/6/1,USD,181.28
Hytera LATAM North,2026/6/2,USD,47.87
Hytera Mexico,2026/6/2,USD,169.7
Hytera LATAM South,2026/6/2,USD,188.18
Hytera Brazil,2026/6/2,USD,259.62
Hytera LATAM North,2026/6/3,USD,33.04
Hytera Mexico,2026/6/3,USD,64.99
Hytera Brazil,2026/6/3,USD,3.29
Hytera LATAM North,2026/6/4,USD,24.92
Hytera Mexico,2026/6/4,USD,75.23
Hytera LATAM South,2026/6/4,USD,0.59
Hytera Brazil,2026/6/4,USD,0.01
Hytera LATAM North,2026/6/5,USD,33.01
Hytera Mexico,2026/6/5,USD,170.19
Hytera LATAM South,2026/6/5,USD,270.79
Hytera Brazil,2026/6/5,USD,203.5
Hytera LATAM North,2026/6/6,USD,32.48
Hytera Mexico,2026/6/6,USD,86.04
Hytera LATAM South,2026/6/6,USD,365.76
Hytera Brazil,2026/6/6,USD,225.05
Hytera LATAM North,2026/6/7,USD,22.96
Hytera Mexico,2026/6/7,USD,99.93
Hytera LATAM South,2026/6/7,USD,252.35
Hytera Brazil,2026/6/7,USD,79.55
Hytera LATAM North,2026/6/8,USD,37.14
Hytera Mexico,2026/6/8,USD,256.92
Hytera LATAM South,2026/6/8,USD,304.88
Hytera Brazil,2026/6/8,USD,325.25
Hytera LATAM North,2026/6/9,USD,52.13
Hytera Mexico,2026/6/9,USD,189.84
Hytera LATAM South,2026/6/9,USD,521.32
Hytera Brazil,2026/6/9,USD,302.94
Hytera LATAM North,2026/6/10,USD,37.62
Hytera Mexico,2026/6/10,USD,189.25
Hytera LATAM South,2026/6/10,USD,463.16
Hytera Brazil,2026/6/10,USD,298.19
Hytera LATAM North,2026/6/11,USD,34.52
Hytera Mexico,2026/6/11,USD,151.13
Hytera LATAM South,2026/6/11,USD,477.91
Hytera Brazil,2026/6/11,USD,247.69
Hytera LATAM North,2026/6/12,USD,59.09
Hytera Mexico,2026/6/12,USD,155.8
Hytera LATAM South,2026/6/12,USD,467.94
Hytera Brazil,2026/6/12,USD,260.9
Hytera LATAM North,2026/6/13,USD,26.1
Hytera Mexico,2026/6/13,USD,96.5
Hytera LATAM South,2026/6/13,USD,343.42
Hytera Brazil,2026/6/13,USD,244.96
Hytera LATAM North,2026/6/14,USD,35.2
Hytera Mexico,2026/6/14,USD,72.57
Hytera LATAM South,2026/6/14,USD,197.05
Hytera Brazil,2026/6/14,USD,92.94
Hytera LATAM North,2026/6/15,USD,35.51
Hytera Mexico,2026/6/15,USD,234.28
Hytera LATAM South,2026/6/15,USD,260.7
Hytera Brazil,2026/6/15,USD,277.49
Hytera LATAM North,2026/6/16,USD,58.89
Hytera Mexico,2026/6/16,USD,187.91
Hytera LATAM South,2026/6/16,USD,437.73
Hytera Brazil,2026/6/16,USD,264.79
Hytera LATAM North,2026/6/17,USD,43.15
Hytera Mexico,2026/6/17,USD,197.89
Hytera LATAM South,2026/6/17,USD,456.25
Hytera Brazil,2026/6/17,USD,312.41
Hytera LATAM North,2026/6/18,USD,44.1
Hytera Mexico,2026/6/18,USD,136.11
Hytera LATAM South,2026/6/18,USD,443.09
Hytera Brazil,2026/6/18,USD,267.46
Hytera LATAM North,2026/6/19,USD,39.61
Hytera Mexico,2026/6/19,USD,161.02
Hytera LATAM South,2026/6/19,USD,369.65
Hytera Brazil,2026/6/19,USD,215.73
Hytera LATAM North,2026/6/20,USD,30.81
Hytera Mexico,2026/6/20,USD,58.6
Hytera LATAM South,2026/6/20,USD,261.91
Hytera Brazil,2026/6/20,USD,176.99
Hytera LATAM North,2026/6/21,USD,30.27
Hytera Mexico,2026/6/21,USD,35.48
Hytera LATAM South,2026/6/21,USD,156.17
Hytera Brazil,2026/6/21,USD,64.14
Hytera LATAM North,2026/6/22,USD,35.11
Hytera Mexico,2026/6/22,USD,170.98
Hytera LATAM South,2026/6/22,USD,252.26
Hytera Brazil,2026/6/22,USD,258.36
Hytera LATAM North,2026/6/23,USD,38.76
Hytera Mexico,2026/6/23,USD,158.09
Hytera LATAM South,2026/6/23,USD,386.93
Hytera Brazil,2026/6/23,USD,288.91
Hytera LATAM North,2026/6/24,USD,35.29
Hytera Mexico,2026/6/24,USD,141.36
Hytera LATAM South,2026/6/24,USD,326.32
Hytera Brazil,2026/6/24,USD,254.89
Hytera LATAM North,2026/6/25,USD,20.6
Hytera Mexico,2026/6/25,USD,143.66
Hytera LATAM South,2026/6/25,USD,363.76
Hytera Brazil,2026/6/25,USD,241.06
Hytera LATAM North,2026/6/26,USD,26.19
Hytera Mexico,2026/6/26,USD,135.77
Hytera LATAM South,2026/6/26,USD,298.94
Hytera Brazil,2026/6/26,USD,210.53
Hytera LATAM North,2026/6/27,USD,24.85
Hytera Mexico,2026/6/27,USD,74.53
Hytera LATAM South,2026/6/27,USD,260.95
Hytera Brazil,2026/6/27,USD,140.36
Hytera LATAM North,2026/6/28,USD,24.14
Hytera Mexico,2026/6/28,USD,44.6
Hytera LATAM South,2026/6/28,USD,149.61
Hytera Brazil,2026/6/28,USD,75.89
Hytera LATAM North,2026/6/29,USD,46.05
Hytera Mexico,2026/6/29,USD,146.29
Hytera LATAM South,2026/6/29,USD,201.82
Hytera Brazil,2026/6/29,USD,146.81
Hytera LATAM North,2026/6/30,USD,33.97
Hytera Mexico,2026/6/30,USD,126.39
Hytera LATAM South,2026/6/30,USD,329.89
Hytera Brazil,2026/6/30,USD,143.94
Hytera LATAM North,2026/7/1,USD,34.26
Hytera Mexico,2026/7/1,USD,179.33
Hytera LATAM South,2026/7/1,USD,337.35
Hytera Brazil,2026/7/1,USD,268.01
Hytera LATAM North,2026/7/2,USD,38.68
Hytera Mexico,2026/7/2,USD,153.3
Hytera LATAM South,2026/7/2,USD,336.73
Hytera Brazil,2026/7/2,USD,254.16
Hytera LATAM North,2026/7/3,USD,42.27
Hytera Mexico,2026/7/3,USD,156.42
Hytera LATAM South,2026/7/3,USD,350.91
Hytera Brazil,2026/7/3,USD,229.65
Hytera LATAM North,2026/7/4,USD,29.72
Hytera Mexico,2026/7/4,USD,57.8
Hytera LATAM South,2026/7/4,USD,282.92
Hytera Brazil,2026/7/4,USD,153.29
Hytera LATAM North,2026/7/5,USD,36.18
Hytera Mexico,2026/7/5,USD,44.62
Hytera LATAM South,2026/7/5,USD,167.07
Hytera Brazil,2026/7/5,USD,76.72
Hytera LATAM North,2026/7/6,USD,26.09
Hytera Mexico,2026/7/6,USD,146.06
Hytera LATAM South,2026/7/6,USD,308.44
Hytera Brazil,2026/7/6,USD,215.47
Hytera LATAM North,2026/7/7,USD,27.06
Hytera Mexico,2026/7/7,USD,152.23
Hytera LATAM South,2026/7/7,USD,362.83
Hytera Brazil,2026/7/7,USD,327.7
Hytera LATAM North,2026/7/8,USD,33.92
Hytera Mexico,2026/7/8,USD,162.59
Hytera LATAM South,2026/7/8,USD,347.85
Hytera Brazil,2026/7/8,USD,278.23
Hytera LATAM North,2026/7/9,USD,22.58
Hytera Mexico,2026/7/9,USD,125.55
Hytera LATAM South,2026/7/9,USD,343.53
Hytera Brazil,2026/7/9,USD,277.11
Hytera LATAM North,2026/7/10,USD,22.94
Hytera Mexico,2026/7/10,USD,110.3
Hytera LATAM South,2026/7/10,USD,342.18
Hytera Brazil,2026/7/10,USD,240.15
Hytera LATAM North,2026/7/11,USD,28.67
Hytera Mexico,2026/7/11,USD,91.44
Hytera LATAM South,2026/7/11,USD,270.99
Hytera Brazil,2026/7/11,USD,180.35
Hytera LATAM North,2026/7/12,USD,7.63
Hytera Mexico,2026/7/12,USD,40.43
Hytera LATAM South,2026/7/12,USD,145.66
Hytera Brazil,2026/7/12,USD,82.92
Hytera LATAM North,2026/7/13,USD,28.56
Hytera Mexico,2026/7/13,USD,144.37
Hytera LATAM South,2026/7/13,USD,208.93
Hytera Brazil,2026/7/13,USD,220.68
Hytera LATAM North,2026/7/14,USD,42.93
Hytera Mexico,2026/7/14,USD,127.21
Hytera LATAM South,2026/7/14,USD,420.09
Hytera Brazil,2026/7/14,USD,268.6
Hytera LATAM North,2026/7/15,USD,31.65
Hytera Mexico,2026/7/15,USD,174.02
Hytera LATAM South,2026/7/15,USD,407.7
Hytera Brazil,2026/7/15,USD,255.6
Hytera LATAM North,2026/7/16,USD,28.6
Hytera Mexico,2026/7/16,USD,114.32
Hytera LATAM South,2026/7/16,USD,304.68
Hytera Brazil,2026/7/16,USD,240.24
Hytera LATAM North,2026/7/17,USD,27.49
Hytera Mexico,2026/7/17,USD,151.61
Hytera LATAM South,2026/7/17,USD,263.26
Hytera Brazil,2026/7/17,USD,230.39
Hytera LATAM North,2026/7/18,USD,26.7
Hytera Mexico,2026/7/18,USD,57.64
Hytera LATAM South,2026/7/18,USD,274.4
Hytera Brazil,2026/7/18,USD,144.1
Hytera LATAM North,2026/7/19,USD,19.59
Hytera Mexico,2026/7/19,USD,44.57
Hytera LATAM South,2026/7/19,USD,210.03
Hytera Brazil,2026/7/19,USD,55.68
Hytera LATAM North,2026/7/20,USD,19.79
Hytera Mexico,2026/7/20,USD,169.31
Hytera LATAM South,2026/7/20,USD,238.01
Hytera Brazil,2026/7/20,USD,179.49
Hytera LATAM North,2026/7/21,USD,43.23
Hytera Mexico,2026/7/21,USD,144.54
Hytera LATAM South,2026/7/21,USD,357.02
Hytera Brazil,2026/7/21,USD,338.99
Hytera LATAM North,2026/7/22,USD,62.39
Hytera Mexico,2026/7/22,USD,133.81
Hytera LATAM South,2026/7/22,USD,295.65
Hytera Brazil,2026/7/22,USD,259.18
Hytera LATAM North,2026/7/23,USD,59.18
Hytera Mexico,2026/7/23,USD,148.3
Hytera LATAM South,2026/7/23,USD,287.79
Hytera Brazil,2026/7/23,USD,213.58
Hytera LATAM North,2026/7/24,USD,55.33
Hytera Mexico,2026/7/24,USD,142.87
Hytera LATAM South,2026/7/24,USD,308.01
Hytera Brazil,2026/7/24,USD,218.47
Hytera LATAM North,2026/7/25,USD,55.21
Hytera Mexico,2026/7/25,USD,67.78
Hytera LATAM South,2026/7/25,USD,250.52
Hytera Brazil,2026/7/25,USD,148.13
Hytera LATAM North,2026/7/26,USD,40.85
Hytera Mexico,2026/7/26,USD,55.93
Hytera LATAM South,2026/7/26,USD,163.53
Hytera Brazil,2026/7/26,USD,67.6
Hytera LATAM North,2026/7/27,USD,51.36
Hytera Mexico,2026/7/27,USD,167.88
Hytera LATAM South,2026/7/27,USD,238.63
Hytera Brazil,2026/7/27,USD,178.28
Hytera LATAM North,2026/7/28,USD,75.85
Hytera Mexico,2026/7/28,USD,86.85
Hytera LATAM South,2026/7/28,USD,267.54
Hytera Brazil,2026/7/28,USD,180.69
Hytera LATAM North,2026/7/29,USD,57.7
Hytera Mexico,2026/7/29,USD,110.29
Hytera LATAM South,2026/7/29,USD,161.35
Hytera Brazil,2026/7/29,USD,135.94
Hytera LATAM North,2026/7/30,USD,52.34
Hytera Mexico,2026/7/30,USD,104.34
Hytera LATAM South,2026/7/30,USD,187.12
Hytera Brazil,2026/7/30,USD,115.81
Hytera LATAM North,2026/7/31,USD,43.77
Hytera Mexico,2026/7/31,USD,71.78
Hytera LATAM South,2026/7/31,USD,130.78
Hytera Brazil,2026/7/31,USD,92.01
Hytera LATAM North,2026/8/1,USD,41.28
Hytera Mexico,2026/8/1,USD,36.52
Hytera LATAM South,2026/8/1,USD,145.72
Hytera Brazil,2026/8/1,USD,120.79
Hytera LATAM North,2026/8/2,USD,23.43
Hytera Mexico,2026/8/2,USD,38.48
Hytera LATAM South,2026/8/2,USD,106.95
Hytera Brazil,2026/8/2,USD,50.86
Hytera LATAM North,2026/8/3,USD,46.95
Hytera Mexico,2026/8/3,USD,147.72
Hytera LATAM South,2026/8/3,USD,136.88
Hytera Brazil,2026/8/3,USD,173.96
Hytera LATAM North,2026/8/4,USD,76.38
Hytera Mexico,2026/8/4,USD,132.05
Hytera LATAM South,2026/8/4,USD,417.17
Hytera Brazil,2026/8/4,USD,326.44
Hytera LATAM North,2026/8/5,USD,64.18
Hytera Mexico,2026/8/5,USD,129.39
Hytera LATAM South,2026/8/5,USD,356.89
Hytera Brazil,2026/8/5,USD,273.74
Hytera LATAM North,2026/8/6,USD,42.2
Hytera Mexico,2026/8/6,USD,125.3
Hytera LATAM South,2026/8/6,USD,314.85
Hytera Brazil,2026/8/6,USD,258.32
Hytera LATAM North,2026/8/7,USD,42.25
Hytera Mexico,2026/8/7,USD,105.21
Hytera LATAM South,2026/8/7,USD,280.45
Hytera Brazil,2026/8/7,USD,242.78
Hytera LATAM North,2026/8/8,USD,38.94
Hytera Mexico,2026/8/8,USD,52.01
Hytera LATAM South,2026/8/8,USD,195.06
Hytera Brazil,2026/8/8,USD,158.75
Hytera LATAM North,2026/8/9,USD,33.92
Hytera Mexico,2026/8/9,USD,64.52
Hytera LATAM South,2026/8/9,USD,159.71
Hytera Brazil,2026/8/9,USD,81.79
Hytera LATAM North,2026/8/10,USD,56.04
Hytera Mexico,2026/8/10,USD,138.01
Hytera LATAM South,2026/8/10,USD,296.62
Hytera Brazil,2026/8/10,USD,293.26
Hytera LATAM North,2026/8/11,USD,56.94
Hytera Mexico,2026/8/11,USD,128.6
Hytera LATAM South,2026/8/11,USD,375.73
Hytera Brazil,2026/8/11,USD,352.01
Hytera LATAM North,2026/8/12,USD,55.74
Hytera Mexico,2026/8/12,USD,118.2
Hytera LATAM South,2026/8/12,USD,330.95
Hytera Brazil,2026/8/12,USD,319.2
Hytera LATAM North,2026/8/13,USD,48.33
Hytera Mexico,2026/8/13,USD,125.78
Hytera LATAM South,2026/8/13,USD,300.28
Hytera Brazil,2026/8/13,USD,248.8
Hytera LATAM North,2026/8/14,USD,66.76
Hytera Mexico,2026/8/14,USD,98.08
Hytera LATAM South,2026/8/14,USD,277.68
Hytera Brazil,2026/8/14,USD,206.88
Hytera LATAM North,2026/8/15,USD,45.32
Hytera Mexico,2026/8/15,USD,84.41
Hytera LATAM South,2026/8/15,USD,269.94
Hytera Brazil,2026/8/15,USD,173.91
Hytera LATAM North,2026/8/16,USD,49.42
Hytera Mexico,2026/8/16,USD,48.93
Hytera LATAM South,2026/8/16,USD,207.6
Hytera Brazil,2026/8/16,USD,70.79
Hytera LATAM North,2026/8/17,USD,55.27
Hytera Mexico,2026/8/17,USD,131.78
Hytera LATAM South,2026/8/17,USD,241.61
Hytera Brazil,2026/8/17,USD,236.82
Hytera LATAM North,2026/8/18,USD,111.37
Hytera Mexico,2026/8/18,USD,100.03
Hytera LATAM South,2026/8/18,USD,312.16
Hytera Brazil,2026/8/18,USD,316.75
Hytera LATAM North,2026/8/19,USD,96.73
Hytera Mexico,2026/8/19,USD,139.37
Hytera LATAM South,2026/8/19,USD,295.23
Hytera Brazil,2026/8/19,USD,309
Hytera LATAM North,2026/8/20,USD,80.23
Hytera Mexico,2026/8/20,USD,101.49
Hytera LATAM South,2026/8/20,USD,292.41
Hytera Brazil,2026/8/20,USD,226.6
Hytera LATAM North,2026/8/21,USD,84.65
Hytera Mexico,2026/8/21,USD,194.88
Hytera LATAM South,2026/8/21,USD,319.9
Hytera Brazil,2026/8/21,USD,289.42
Hytera LATAM North,2026/8/22,USD,63.65
Hytera Mexico,2026/8/22,USD,76.81
Hytera LATAM South,2026/8/22,USD,388.17
Hytera Brazil,2026/8/22,USD,236.87
Hytera LATAM North,2026/8/23,USD,69.07
Hytera Mexico,2026/8/23,USD,107.36
Hytera LATAM South,2026/8/23,USD,242.06
Hytera Brazil,2026/8/23,USD,176.88
Hytera LATAM North,2026/8/24,USD,56.81
Hytera Mexico,2026/8/24,USD,160.7
Hytera LATAM South,2026/8/24,USD,379.97
Hytera Brazil,2026/8/24,USD,343.27
Hytera LATAM North,2026/8/25,USD,103.88
Hytera Mexico,2026/8/25,USD,193.01
Hytera LATAM South,2026/8/25,USD,398.51
Hytera Brazil,2026/8/25,USD,353.14
Hytera LATAM North,2026/8/26,USD,77.93
Hytera Mexico,2026/8/26,USD,176.13
Hytera LATAM South,2026/8/26,USD,386.4
Hytera Brazil,2026/8/26,USD,302.49
Hytera LATAM North,2026/8/27,USD,45.4
Hytera Mexico,2026/8/27,USD,184.05
Hytera LATAM South,2026/8/27,USD,337.94
Hytera Brazil,2026/8/27,USD,237.63
Hytera LATAM North,2026/8/28,USD,53.96
Hytera Mexico,2026/8/28,USD,119.26
Hytera LATAM South,2026/8/28,USD,138.77
Hytera LATAM North,2026/8/29,USD,38.05
Hytera Mexico,2026/8/29,USD,93.51
Hytera LATAM South,2026/8/29,USD,0.07
Hytera LATAM North,2026/8/30,USD,39.89
Hytera Mexico,2026/8/30,USD,98.64
Hytera LATAM North,2026/8/31,USD,75.62
Hytera Mexico,2026/8/31,USD,125.48
Hytera LATAM South,2026/8/31,USD,412.03
Hytera Brazil,2026/8/31,USD,330.38
Hytera LATAM North,2026/9/1,USD,75.99
Hytera Mexico,2026/9/1,USD,181.37
Hytera LATAM South,2026/9/1,USD,341.9
Hytera Brazil,2026/9/1,USD,313.38
Hytera LATAM North,2026/9/2,USD,61.63
Hytera Mexico,2026/9/2,USD,162.76
Hytera LATAM South,2026/9/2,USD,357.3
Hytera Brazil,2026/9/2,USD,326.3
Hytera LATAM North,2026/9/3,USD,57.68
Hytera Mexico,2026/9/3,USD,189.15
Hytera LATAM South,2026/9/3,USD,371.5
Hytera Brazil,2026/9/3,USD,312.74
Hytera LATAM North,2026/9/4,USD,46.4
Hytera Mexico,2026/9/4,USD,138.47
Hytera LATAM South,2026/9/4,USD,367.81
Hytera Brazil,2026/9/4,USD,295.7
Hytera LATAM North,2026/9/5,USD,56.11
Hytera Mexico,2026/9/5,USD,89.87
Hytera LATAM South,2026/9/5,USD,296.93
Hytera Brazil,2026/9/5,USD,212.77
Hytera LATAM North,2026/9/6,USD,48.45
Hytera Mexico,2026/9/6,USD,126.74
Hytera LATAM South,2026/9/6,USD,235.67
Hytera Brazil,2026/9/6,USD,156.46
Hytera LATAM North,2026/9/7,USD,59.44
Hytera Mexico,2026/9/7,USD,201.27
Hytera LATAM South,2026/9/7,USD,339.98
Hytera Brazil,2026/9/7,USD,195.86
Hytera LATAM North,2026/9/8,USD,75.28
Hytera Mexico,2026/9/8,USD,196.58
Hytera LATAM South,2026/9/8,USD,388.76
Hytera Brazil,2026/9/8,USD,277
Hytera LATAM North,2026/9/9,USD,49.15
Hytera Mexico,2026/9/9,USD,158.14
Hytera LATAM South,2026/9/9,USD,350.37
Hytera Brazil,2026/9/9,USD,368.6
Hytera LATAM North,2026/9/10,USD,62.63
Hytera Mexico,2026/9/10,USD,161.83
Hytera LATAM South,2026/9/10,USD,372.91
Hytera Brazil,2026/9/10,USD,352.63
Hytera LATAM North,2026/9/11,USD,56.52
Hytera Mexico,2026/9/11,USD,131.81
Hytera LATAM South,2026/9/11,USD,305.97
Hytera Brazil,2026/9/11,USD,316.9
Hytera LATAM North,2026/9/12,USD,70.12
Hytera Mexico,2026/9/12,USD,93.76
Hytera LATAM South,2026/9/12,USD,252.9
Hytera Brazil,2026/9/12,USD,229.45
Hytera LATAM North,2026/9/13,USD,31.4
Hytera Mexico,2026/9/13,USD,101.41
Hytera LATAM South,2026/9/13,USD,240.32
Hytera Brazil,2026/9/13,USD,162.26
Hytera LATAM North,2026/9/14,USD,52.94
Hytera Mexico,2026/9/14,USD,192.3
Hytera LATAM South,2026/9/14,USD,317.61
Hytera Brazil,2026/9/14,USD,243.72
Hytera LATAM North,2026/9/15,USD,52.11
Hytera Mexico,2026/9/15,USD,138.03
Hytera LATAM South,2026/9/15,USD,376.7
Hytera Brazil,2026/9/15,USD,293.09
Hytera LATAM North,2026/9/16,USD,34.14
Hytera Mexico,2026/9/16,USD,97.85
Hytera LATAM South,2026/9/16,USD,291.61
Hytera Brazil,2026/9/16,USD,298.67
Hytera LATAM North,2026/9/17,USD,73.26
Hytera Mexico,2026/9/17,USD,180.72
Hytera LATAM South,2026/9/17,USD,327.73
Hytera Brazil,2026/9/17,USD,346.32
Hytera LATAM North,2026/9/18,USD,50.28
Hytera Mexico,2026/9/18,USD,148.99
Hytera LATAM South,2026/9/18,USD,374.75
Hytera Brazil,2026/9/18,USD,266.03
Hytera LATAM North,2026/9/19,USD,48.78
Hytera Mexico,2026/9/19,USD,125.55
Hytera LATAM South,2026/9/19,USD,296.66
Hytera Brazil,2026/9/19,USD,206.19
Hytera LATAM North,2026/9/20,USD,42.47
Hytera LATAM South,2026/9/20,USD,192.23
Hytera Brazil,2026/9/20,USD,116.51
Canada,2026/5/7,USD,0
Canada,2026/6/4,USD,0.05
Canada,2026/6/3,USD,1.45
Canada,2026/6/5,USD,2.26
Canada,2026/3/12,USD,7.7
Canada,2026/5/8,USD,7.99
Canada,2026/4/28,USD,8.91
Canada,2026/4/26,USD,9
Canada,2026/6/14,USD,13.01
Canada,2026/5/9,USD,13.84
Canada,2026/7/26,USD,17.98
Canada,2026/6/21,USD,19.78
Canada,2026/4/27,USD,20.71
Canada,2026/3/14,USD,22.38
Canada,2026/4/25,USD,22.7
Canada,2026/4/21,USD,23.38
Canada,2026/5/10,USD,23.6
Canada,2026/3/21,USD,23.82
Canada,2026/4/22,USD,24.6
Canada,2026/3/23,USD,24.87
Canada,2026/8/23,USD,25.47
Canada,2026/5/18,USD,25.65
Canada,2026/4/23,USD,28.61
Canada,2026/5/25,USD,28.84
Canada,2026/3/20,USD,28.98
Canada,2026/8/9,USD,30.89
Canada,2026/3/15,USD,32.83
Canada,2026/6/1,USD,32.85
Canada,2026/3/22,USD,32.87
Canada,2026/4/24,USD,33.8
Canada,2026/3/16,USD,33.82
Canada,2026/4/13,USD,34.59
Canada,2026/4/11,USD,34.86
Canada,2026/4/17,USD,35.72
Canada,2026/4/19,USD,36.37
Canada,2026/3/19,USD,37.2
Canada,2026/4/18,USD,37.24
Canada,2026/3/18,USD,38.29
Canada,2026/4/12,USD,38.6
Canada,2026/4/20,USD,41.14
Canada,2026/3/17,USD,42.44
Canada,2026/7/27,USD,43.89
Canada,2026/4/4,USD,45.06
Canada,2026/5/11,USD,45.58
Canada,2026/3/13,USD,46.43
Canada,2026/6/6,USD,47.07
Canada,2026/9/4,USD,49.13
Canada,2026/8/16,USD,49.87
Canada,2026/7/12,USD,50.01
Canada,2026/7/25,USD,50.79
Canada,2026/5/24,USD,51.36
Canada,2026/5/16,USD,53.42
Canada,2026/9/6,USD,53.45
Canada,2026/6/27,USD,54.72
Canada,2026/6/20,USD,55.39
Canada,2026/8/8,USD,55.52
Canada,2026/5/31,USD,55.65
Canada,2026/8/31,USD,57.62
Canada,2026/5/23,USD,57.66
Canada,2026/8/2,USD,58.18
Canada,2026/7/3,USD,58.27
Canada,2026/6/28,USD,59.02
Canada,2026/3/29,USD,59.04
Canada,2026/5/12,USD,59.46
Canada,2026/5/30,USD,59.56
Canada,2026/7/5,USD,59.98
Canada,2026/6/7,USD,60.4
Canada,2026/9/20,USD,61.41
Canada,2026/4/1,USD,61.67
Canada,2026/8/22,USD,61.71
Canada,2026/5/29,USD,61.93
Canada,2026/3/31,USD,63.62
Canada,2026/9/12,USD,64.64
Canada,2026/7/18,USD,64.87
Canada,2026/7/19,USD,65.08
Canada,2026/4/3,USD,65.17
Canada,2026/8/24,USD,65.36
Canada,2026/3/30,USD,65.62
Canada,2026/9/17,USD,66.29
Canada,2026/3/24,USD,67.04
Canada,2026/9/11,USD,69.33
Canada,2026/5/22,USD,69.86
Canada,2026/5/17,USD,70.46
Canada,2026/4/14,USD,70.64
Canada,2026/5/20,USD,70.72
Canada,2026/9/3,USD,70.73
Canada,2026/6/26,USD,71
Canada,2026/8/29,USD,71.39
Canada,2026/7/24,USD,72.97
Canada,2026/4/10,USD,75.41
Canada,2026/9/2,USD,75.68
Canada,2026/6/16,USD,76.26
Canada,2026/8/7,USD,77
Canada,2026/7/17,USD,77.51
Canada,2026/9/1,USD,78.6
Canada,2026/7/16,USD,78.76
Canada,2026/9/19,USD,79.02
Canada,2026/4/16,USD,79.17
Canada,2026/6/13,USD,79.43
Canada,2026/7/31,USD,79.66
Canada,2026/8/1,USD,79.69
Canada,2026/8/3,USD,79.78
Canada,2026/8/17,USD,80.46
Canada,2026/8/30,USD,80.53
Canada,2026/7/13,USD,81.2
Canada,2026/8/19,USD,81.28
Canada,2026/4/2,USD,81.87
Canada,2026/8/15,USD,82.98
Canada,2026/6/11,USD,84.45
Canada,2026/8/10,USD,85.35
Canada,2026/5/15,USD,85.72
Canada,2026/9/7,USD,86.19
Canada,2026/7/1,USD,86.7
Canada,2026/7/11,USD,86.82
Canada,2026/6/25,USD,87.24
Canada,2026/7/9,USD,87.47
Canada,2026/8/20,USD,88.05
Canada,2026/7/10,USD,88.43
Canada,2026/7/23,USD,89.44
Canada,2026/9/13,USD,90.32
Canada,2026/8/27,USD,91.23
Canada,2026/3/28,USD,92
Canada,2026/4/8,USD,93.29
Canada,2026/5/28,USD,93.31
Canada,2026/8/6,USD,93.65
Canada,2026/5/19,USD,93.75
Canada,2026/8/21,USD,93.75
Canada,2026/6/22,USD,93.99
Canada,2026/3/27,USD,94.8
Canada,2026/8/14,USD,96.19
Canada,2026/3/26,USD,96.45
Canada,2026/8/5,USD,97.53
Canada,2026/9/15,USD,97.85
Canada,2026/7/4,USD,98.02
Canada,2026/7/20,USD,98.83
Canada,2026/7/2,USD,98.93
Canada,2026/6/2,USD,100.05
Canada,2026/7/6,USD,100.17
Canada,2026/5/27,USD,100.58
Canada,2026/7/15,USD,100.59
Canada,2026/4/9,USD,100.62
Canada,2026/6/23,USD,101.07
Canada,2026/6/9,USD,101.16
Canada,2026/7/28,USD,101.39
Canada,2026/3/25,USD,101.88
Canada,2026/6/19,USD,102.32
Canada,2026/9/14,USD,109.44
Canada,2026/8/4,USD,109.88
Canada,2026/9/16,USD,110.38
Canada,2026/4/5,USD,110.45
Canada,2026/7/30,USD,110.92
Canada,2026/4/7,USD,111.2
Canada,2026/7/14,USD,111.51
Canada,2026/6/24,USD,111.72
Canada,2026/9/5,USD,112.55
Canada,2026/9/10,USD,113.86
Canada,2026/5/21,USD,114.12
Canada,2026/9/18,USD,114.97
Canada,2026/6/18,USD,115.31
Canada,2026/6/12,USD,116.13
Canada,2026/7/21,USD,121.73
Canada,2026/4/15,USD,122.12
Canada,2026/8/25,USD,122.7
Canada,2026/5/14,USD,123
Canada,2026/8/26,USD,123.25
Canada,2026/8/13,USD,124.04
Canada,2026/7/7,USD,124.68
Canada,2026/7/29,USD,128.35
Canada,2026/7/8,USD,128.95
Canada,2026/9/8,USD,129.66
Canada,2026/7/22,USD,130.14
Canada,2026/6/8,USD,130.34
Canada,2026/8/12,USD,131.4
Canada,2026/9/9,USD,131.46
Canada,2026/8/28,USD,131.52
Canada,2026/6/29,USD,135.76
Canada,2026/6/30,USD,136.1
Canada,2026/5/26,USD,140.1
Canada,2026/8/18,USD,140.64
Canada,2026/4/6,USD,143.02
Canada,2026/8/11,USD,152.5
Canada,2026/6/10,USD,152.96
Canada,2026/6/15,USD,155.11
Canada,2026/6/17,USD,172.8
Canada,2026/5/13,USD,173.1
