Record ID,Deal Name,Deal Stage,Amount,Close Date,Next Activity,Deal owner,Original Traffic Source,Region
65036776755,6190,Closed Won,9546,2026/8/28 8:00,,Ximena Guzman Atachao,Direct Traffic,Peru
65044502933,6189,Closed Won,990,2026/9/11 8:00,,Ximena Guzman Atachao,Paid Search,Peru
65043865271,6188,Closed Won,1488,2026/9/8 8:00,,Fernanda Carrasco,Paid Search,Mexico
64826311759,6180,Closed Won,1000,2026/9/9 8:00,,Diana Benavides,Paid Search,Colombia
64812027979,6179,Closed Won,45,2026/9/4 8:00,,Diana Benavides,Organic Search,Colombia
64809700965,6178,Closed Won,6405,2026/9/4 8:00,,Leandro Amorosino,Paid Search,Brazil
64817712220,6177,Closed Won,12100,2026/9/4 8:00,,Leandro Amorosino,Paid Search,Brazil
64785937995,6176,Closed Won,25200,2026/9/8 8:00,,Leandro Amorosino,Organic Search,Brazil
64800475169,6175,Closed Won,60900,2026/9/8 8:00,,Leandro Amorosino,Organic Search,Brazil
64774798162,6172,Closed Won,4600,2026/9/8 8:00,,Diana Benavides,Paid Search,Colombia
64527822119,6150,Closed Won,720,2026/9/2 8:00,,Ximena Guzman Atachao,Organic Search,Argentina
64245921863,6141,Closed Won,2000,2026/8/14 8:00,,Ximena Guzman Atachao,Paid Search,Argentina
64224667028,6139,Closed Won,250,2026/8/21 8:00,,Diana Benavides,Paid Search,Colombia
64224323455,6138,Closed Won,200,2026/8/21 8:00,,Diana Benavides,Paid Search,Colombia
64213192708,6137,Closed Won,1130,2026/8/21 8:00,,Diana Benavides,Direct Traffic,Colombia
64212998925,6136,Closed Won,25,2026/8/21 8:00,,Diana Benavides,Organic Search,Colombia
63799049776,6119,Closed Won,640,2026/8/14 8:00,,Diana Benavides,Paid Search,Colombia
63721739630,6116,Closed Won,700,2026/8/12 8:00,,Diana Benavides,Direct Traffic,Colombia
63675414200,6112,Closed Won,2000,2026/8/7 8:00,,Ximena Guzman Atachao,Paid Search,Argentina
63547233132,6106,Closed Won,1850,2026/8/6 8:00,,Ximena Guzman Atachao,Paid Search,Argentina
63545475452,6105,Closed Won,1915.38,2026/8/5 8:00,,Fernanda Carrasco,Organic Search,Mexico
63523333771,6103,Closed Won,2500,2026/8/5 8:00,,Leandro Amorosino,Paid Search,Brazil
63531381851,6102,Closed Won,2000,2026/8/5 8:00,,Leandro Amorosino,Paid Search,Brazil
63511716404,6096,Closed Won,15900,2026/8/5 8:00,,Leandro Amorosino,Paid Search,Brazil
63530763326,6101,Closed Won,2400,2026/8/5 8:00,,Leandro Amorosino,Paid Search,Brazil
63520130836,6098,Closed Won,90,2026/8/5 8:00,,Leandro Amorosino,Paid Search,Brazil
63526058018,6100,Closed Won,6000,2026/8/5 8:00,,Leandro Amorosino,Paid Search,Brazil
63524271208,6097,Closed Won,450,2026/8/5 8:00,,Leandro Amorosino,Paid Search,Brazil
63518295203,6099,Closed Won,3050,2026/8/5 8:00,,Leandro Amorosino,Paid Search,Brazil
63465213023,6088,Closed Won,290,2026/8/4 8:00,,Leandro Amorosino,Direct Traffic,Brazil
63467799319,6085,Closed Won,264,2026/8/4 8:00,,Leandro Amorosino,Direct Traffic,Brazil
63467807159,6086,Closed Won,24,2026/8/4 8:00,,Leandro Amorosino,Direct Traffic,Brazil
63467637821,6084,Closed Won,2240,2026/8/4 8:00,,Leandro Amorosino,Direct Traffic,Brazil
63465452124,6087,Closed Won,320,2026/8/4 8:00,,Leandro Amorosino,Direct Traffic,Brazil
63462374782,6083,Closed Won,1,2026/8/4 8:00,,Ximena Guzman Atachao,Paid Social,Argentina
63453977729,6076,Closed Won,1165.5,2026/8/4 8:00,,Ximena Guzman Atachao,Organic Search,Ecuador
63448204437,6075,Closed Won,290,2026/7/28 8:00,,Ximena Guzman Atachao,Paid Search,Ecuador
63443785842,6074,Closed Won,935,2026/8/4 8:00,,Lisseth Moreira,Paid Search,Colombia
63239206552,6054,Closed Won,1404.99,2026/7/20 8:00,,Fernanda Carrasco,Email Marketing,Mexico
63224831605,6053,Closed Won,1243.65,2026/7/21 8:00,,Fernanda Carrasco,Organic Search,Mexico
63241677940,6052,Closed Won,405,2026/7/21 8:00,,Fernanda Carrasco,Paid Search,Mexico
63220394869,6051,Closed Won,18400,2026/7/28 8:00,,Leandro Amorosino,Direct Traffic,Brazil
63049337681,6042,Closed Won,6608,2026/7/23 8:00,,Leandro Amorosino,Paid Search,Brazil
63022000151,6032,Closed Won,200,2026/7/22 8:00,,Diana Benavides,Paid Search,Colombia
63012145025,6031,Closed Won,50,2026/7/16 8:00,,Diana Benavides,Paid Search,Colombia
62885870348,6027,Closed Won,334,2025/8/28 8:00,,Fernanda Carrasco,Paid Search,Mexico
62867481643,6026,Closed Won,1880,2025/7/31 8:00,,Fernanda Carrasco,Paid Search,Mexico
62886330453,6025,Closed Won,3996.6,2025/7/31 8:00,,Fernanda Carrasco,Paid Search,Mexico
62866602120,6024,Closed Won,3100,2025/7/31 8:00,,Fernanda Carrasco,Organic Search,Mexico
62854799158,6023,Closed Won,519.84,2025/9/27 8:00,,Fernanda Carrasco,Paid Search,Mexico
62864447772,6022,Closed Won,656.64,2025/9/27 8:00,,Fernanda Carrasco,Paid Search,Mexico
62873590339,6021,Closed Won,96,2025/8/30 8:00,,Fernanda Carrasco,Paid Search,Mexico
62863361917,6020,Closed Won,984.96,2025/8/22 8:00,,Fernanda Carrasco,Paid Search,Mexico
62860265527,6019,Closed Won,54,2025/10/14 8:00,,Fernanda Carrasco,Organic Search,Mexico
62859287312,6018,Closed Won,4904.28,2025/8/22 8:00,,Fernanda Carrasco,Paid Search,Mexico
62865665916,6017,Closed Won,1089.84,2026/7/31 8:00,,Fernanda Carrasco,Paid Search,Mexico
62879825022,6016,Closed Won,1254,2026/8/20 8:00,,Fernanda Carrasco,Paid Search,Mexico
62864135028,6015,Closed Won,328.32,2025/8/21 8:00,,Fernanda Carrasco,Paid Search,Mexico
62876681062,6014,Closed Won,1881,2026/8/14 8:00,,Fernanda Carrasco,Paid Search,Mexico
62877301151,6013,Closed Won,250.8,2025/9/25 8:00,,Fernanda Carrasco,Direct Traffic,Mexico
62874824708,6012,Closed Won,335.16,2025/9/17 8:00,,Fernanda Carrasco,Paid Search,Mexico
62873277322,6011,Closed Won,172.8,2025/8/21 8:00,,Fernanda Carrasco,Paid Search,Mexico
62869815614,6010,Closed Won,80,2025/11/22 8:00,,Fernanda Carrasco,Paid Search,Mexico
62752063271,6005,Closed Won,1227.2,2026/5/30 8:00,,Ximena Guzman Atachao,Paid Search,Peru
62758057399,6004,Closed Won,1227.2,2026/5/30 8:00,,Ximena Guzman Atachao,Paid Search,Peru
62730341302,6003,Closed Won,1840,2026/7/3 8:00,,Ximena Guzman Atachao,Paid Search,Peru
62347474080,5963,Closed Won,200,2026/6/26 8:00,,Diana Benavides,Paid Search,Colombia
62346345591,5962,Closed Won,60,2026/6/24 8:00,,Diana Benavides,Direct Traffic,Colombia
62345331862,5961,Closed Won,214,2026/6/9 8:00,,Diana Benavides,Paid Search,Colombia
62345631655,5960,Closed Won,5000,2026/6/30 8:00,,Diana Benavides,Direct Traffic,Colombia
61654442859,5879,Closed Won,1242,2026/6/25 8:00,,Leandro Amorosino,Paid Search,Brazil
61629041818,5878,Closed Won,14500,2026/6/25 8:00,,Leandro Amorosino,Paid Search,Brazil
61433354022,5844,Closed Won,10640.04,2026/6/16 8:00,,Fernanda Carrasco,Direct Traffic,Mexico
61137247068,5788,Closed Won,1100,2026/6/16 8:00,,Leandro Amorosino,Paid Search,Brazil
61135058489,5789,Closed Won,2900,2026/6/16 8:00,,Leandro Amorosino,Paid Search,Brazil
61132964404,5787,Closed Won,2925,2025/7/6 8:00,,Ximena Guzman Atachao,Organic Search,Ecuador
61137030542,5785,Closed Won,3300,2026/6/16 8:00,,Leandro Amorosino,Offline Sources,Brazil
61137030541,5786,Closed Won,5800,2026/6/16 8:00,,Leandro Amorosino,Offline Sources,Brazil
61135045287,5784,Closed Won,377.5,2025/7/6 8:00,,Ximena Guzman Atachao,Organic Search,Ecuador
61130824243,5783,Closed Won,2484,2026/6/15 8:00,,Leandro Amorosino,Organic Search,Brazil
61050380186,5779,Closed Won,5500,2026/6/12 8:00,,Diana Benavides,Paid Search,Colombia
61035838340,5771,Closed Won,1813,2026/3/16 8:00,,Lisseth Moreira,Paid Search,Ecuador
61035767093,5770,Closed Won,7770,2026/3/16 8:00,,Lisseth Moreira,Paid Search,Ecuador
60779500407,5743,Closed Won,5027.4,2026/5/29 8:00,,Leandro Amorosino,Paid Search,Brazil
60645985033,5722,Closed Won,1200,2026/5/23 8:00,,Ximena Guzman Atachao,Organic Search,Ecuador
60627865158,5720,Closed Won,1000,2026/5/26 8:00,,Diana Benavides,Organic Search,Colombia
60625422593,5719,Closed Won,8250,2026/5/21 8:00,,Leandro Amorosino,Paid Search,Brazil
60467060088,5690,Closed Won,1408.86,2026/5/31 8:00,,Fernanda Carrasco,Paid Search,Mexico
60271549569,5673,Closed Won,300,2026/5/15 8:00,,Ximena Guzman Atachao,Paid Search,Argentina
59771039773,5637,Closed Won,5700,2026/4/28 8:00,,Leandro Amorosino,Paid Search,Brazil
59765824876,5636,Closed Won,2850,2026/4/28 8:00,,Leandro Amorosino,Paid Search,Brazil
59676783980,5632,Closed Won,21150,2026/4/27 8:00,,Lisseth Moreira,Direct Traffic,Dominican Republic
59508878619,5629,Closed Won,10,2026/4/24 8:00,,Diana Benavides,Direct Traffic,Colombia
59445649567,5625,Closed Won,285,2026/4/23 8:00,,Leandro Amorosino,Organic Search,Brazil
59464551547,5624,Closed Won,1650,2026/4/23 8:00,,Leandro Amorosino,Organic Search,Brazil
59420143465,5610,Closed Won,390,2026/2/10 8:00,,Ximena Guzman Atachao,Paid Search,Ecuador
59301391371,5594,Closed Won,975,2026/4/17 8:00,,Ximena Guzman Atachao,Paid Search,Ecuador
58440868620,5564,Closed Won,2500,2026/3/13 8:00,,Ximena Guzman Atachao,Paid Search,Argentina
58055816259,5550,Closed Won,410,2026/2/2 8:00,,Leandro Amorosino,Direct Traffic,Brazil
58055656274,5549,Closed Won,7782.75,2026/3/2 8:00,,Ximena Guzman Atachao,Organic Search,Peru
57591993689,5541,Closed Won,9600,2026/3/5 8:00,,Leandro Amorosino,Paid Search,Brazil
57380061881,5536,Closed Won,495,2026/3/2 8:00,,Leandro Amorosino,Organic Search,Brazil
57370258992,5535,Closed Won,5500,2026/3/2 8:00,,Leandro Amorosino,Organic Search,Brazil
57355107717,5534,Closed Won,900,2026/3/2 8:00,,Leandro Amorosino,Paid Search,Brazil
57358385673,5533,Closed Won,380,2026/6/15 8:00,,Leandro Amorosino,Organic Search,Brazil
56983626760,5527,Closed Won,4500,2026/2/24 8:00,,Leandro Amorosino,Paid Search,Brazil
56885992500,5523,Closed Won,9500,2026/2/20 8:00,,Leandro Amorosino,Paid Search,Brazil
56537023859,5516,Closed Won,836.3,2026/2/12 8:00,,Leandro Amorosino,Paid Search,Brazil
56613102402,5515,Closed Won,5325.08,2026/2/12 8:00,,Leandro Amorosino,Paid Search,Brazil
55843024448,5497,Closed Won,4750,2026/2/10 8:00,,Leandro Amorosino,Paid Search,Brazil
55430136870,5472,Closed Won,19485,2026/2/3 8:00,,Lisseth Moreira,Organic Search,Bermuda Is.
55058849619,5462,Closed Won,297,2026/1/19 8:00,,Ximena Guzman Atachao,Organic Search,Argentina
53894466744,5438,Closed Won,49.83,2026/1/9 8:00,,Leandro Amorosino,Organic Search,Brazil
53897409549,5439,Closed Won,9.16,2026/1/9 8:00,,Leandro Amorosino,Organic Search,Brazil
53852633245,5436,Closed Won,919.92,2026/2/12 8:00,,Leandro Amorosino,Paid Search,Brazil
53872138512,5437,Closed Won,149.48,2026/2/12 8:00,,Leandro Amorosino,Paid Search,Brazil
53806103914,5434,Closed Won,948,2026/1/13 8:00,,Diana Benavides,Paid Search,Colombia
