Account name,Day,Currency code,Cost
Canada,2026/5/7,USD,0
Canada,2026/6/4,USD,0.05
Canada,2026/6/3,USD,1.45
Canada,2026/6/5,USD,2.26
Canada,2026/3/12,USD,7.7
Canada,2026/5/8,USD,7.99
Canada,2026/4/28,USD,8.91
Canada,2026/4/26,USD,9
Canada,2026/6/14,USD,13.01
Canada,2026/5/9,USD,13.84
Canada,2026/7/26,USD,17.98
Canada,2026/6/21,USD,19.78
Canada,2026/4/27,USD,20.71
Canada,2026/3/14,USD,22.38
Canada,2026/4/25,USD,22.7
Canada,2026/4/21,USD,23.38
Canada,2026/5/10,USD,23.6
Canada,2026/3/21,USD,23.82
Canada,2026/4/22,USD,24.6
Canada,2026/3/23,USD,24.87
Canada,2026/8/23,USD,25.47
Canada,2026/5/18,USD,25.65
Canada,2026/4/23,USD,28.61
Canada,2026/5/25,USD,28.84
Canada,2026/3/20,USD,28.98
Canada,2026/8/9,USD,30.89
Canada,2026/3/15,USD,32.83
Canada,2026/6/1,USD,32.85
Canada,2026/3/22,USD,32.87
Canada,2026/4/24,USD,33.8
Canada,2026/3/16,USD,33.82
Canada,2026/4/13,USD,34.59
Canada,2026/4/11,USD,34.86
Canada,2026/4/17,USD,35.72
Canada,2026/4/19,USD,36.37
Canada,2026/3/19,USD,37.2
Canada,2026/4/18,USD,37.24
Canada,2026/3/18,USD,38.29
Canada,2026/4/12,USD,38.6
Canada,2026/4/20,USD,41.14
Canada,2026/3/17,USD,42.44
Canada,2026/7/27,USD,43.89
Canada,2026/4/4,USD,45.06
Canada,2026/5/11,USD,45.58
Canada,2026/3/13,USD,46.43
Canada,2026/6/6,USD,47.07
Canada,2026/9/4,USD,49.13
Canada,2026/8/16,USD,49.87
Canada,2026/7/12,USD,50.01
Canada,2026/7/25,USD,50.79
Canada,2026/5/24,USD,51.36
Canada,2026/5/16,USD,53.42
Canada,2026/9/6,USD,53.45
Canada,2026/6/27,USD,54.72
Canada,2026/6/20,USD,55.39
Canada,2026/8/8,USD,55.52
Canada,2026/5/31,USD,55.65
Canada,2026/8/31,USD,57.62
Canada,2026/5/23,USD,57.66
Canada,2026/8/2,USD,58.18
Canada,2026/7/3,USD,58.27
Canada,2026/6/28,USD,59.02
Canada,2026/3/29,USD,59.04
Canada,2026/5/12,USD,59.46
Canada,2026/5/30,USD,59.56
Canada,2026/7/5,USD,59.98
Canada,2026/6/7,USD,60.4
Canada,2026/9/20,USD,61.41
Canada,2026/4/1,USD,61.67
Canada,2026/8/22,USD,61.71
Canada,2026/5/29,USD,61.93
Canada,2026/3/31,USD,63.62
Canada,2026/9/12,USD,64.64
Canada,2026/7/18,USD,64.87
Canada,2026/7/19,USD,65.08
Canada,2026/4/3,USD,65.17
Canada,2026/8/24,USD,65.36
Canada,2026/3/30,USD,65.62
Canada,2026/9/17,USD,66.29
Canada,2026/3/24,USD,67.04
Canada,2026/9/11,USD,69.33
Canada,2026/5/22,USD,69.86
Canada,2026/5/17,USD,70.46
Canada,2026/4/14,USD,70.64
Canada,2026/5/20,USD,70.72
Canada,2026/9/3,USD,70.73
Canada,2026/6/26,USD,71
Canada,2026/8/29,USD,71.39
Canada,2026/7/24,USD,72.97
Canada,2026/4/10,USD,75.41
Canada,2026/9/2,USD,75.68
Canada,2026/6/16,USD,76.26
Canada,2026/8/7,USD,77
Canada,2026/7/17,USD,77.51
Canada,2026/9/1,USD,78.6
Canada,2026/7/16,USD,78.76
Canada,2026/9/19,USD,79.02
Canada,2026/4/16,USD,79.17
Canada,2026/6/13,USD,79.43
Canada,2026/7/31,USD,79.66
Canada,2026/8/1,USD,79.69
Canada,2026/8/3,USD,79.78
Canada,2026/8/17,USD,80.46
Canada,2026/8/30,USD,80.53
Canada,2026/7/13,USD,81.2
Canada,2026/8/19,USD,81.28
Canada,2026/4/2,USD,81.87
Canada,2026/8/15,USD,82.98
Canada,2026/6/11,USD,84.45
Canada,2026/8/10,USD,85.35
Canada,2026/5/15,USD,85.72
Canada,2026/9/7,USD,86.19
Canada,2026/7/1,USD,86.7
Canada,2026/7/11,USD,86.82
Canada,2026/6/25,USD,87.24
Canada,2026/7/9,USD,87.47
Canada,2026/8/20,USD,88.05
Canada,2026/7/10,USD,88.43
Canada,2026/7/23,USD,89.44
Canada,2026/9/13,USD,90.32
Canada,2026/8/27,USD,91.23
Canada,2026/3/28,USD,92
Canada,2026/4/8,USD,93.29
Canada,2026/5/28,USD,93.31
Canada,2026/8/6,USD,93.65
Canada,2026/5/19,USD,93.75
Canada,2026/8/21,USD,93.75
Canada,2026/6/22,USD,93.99
Canada,2026/3/27,USD,94.8
Canada,2026/8/14,USD,96.19
Canada,2026/3/26,USD,96.45
Canada,2026/8/5,USD,97.53
Canada,2026/9/15,USD,97.85
Canada,2026/7/4,USD,98.02
Canada,2026/7/20,USD,98.83
Canada,2026/7/2,USD,98.93
Canada,2026/6/2,USD,100.05
Canada,2026/7/6,USD,100.17
Canada,2026/5/27,USD,100.58
Canada,2026/7/15,USD,100.59
Canada,2026/4/9,USD,100.62
Canada,2026/6/23,USD,101.07
Canada,2026/6/9,USD,101.16
Canada,2026/7/28,USD,101.39
Canada,2026/3/25,USD,101.88
Canada,2026/6/19,USD,102.32
Canada,2026/9/14,USD,109.44
Canada,2026/8/4,USD,109.88
Canada,2026/9/16,USD,110.38
Canada,2026/4/5,USD,110.45
Canada,2026/7/30,USD,110.92
Canada,2026/4/7,USD,111.2
Canada,2026/7/14,USD,111.51
Canada,2026/6/24,USD,111.72
Canada,2026/9/5,USD,112.55
Canada,2026/9/10,USD,113.86
Canada,2026/5/21,USD,114.12
Canada,2026/9/18,USD,114.97
Canada,2026/6/18,USD,115.31
Canada,2026/6/12,USD,116.13
Canada,2026/7/21,USD,121.73
Canada,2026/4/15,USD,122.12
Canada,2026/8/25,USD,122.7
Canada,2026/5/14,USD,123
Canada,2026/8/26,USD,123.25
Canada,2026/8/13,USD,124.04
Canada,2026/7/7,USD,124.68
Canada,2026/7/29,USD,128.35
Canada,2026/7/8,USD,128.95
Canada,2026/9/8,USD,129.66
Canada,2026/7/22,USD,130.14
Canada,2026/6/8,USD,130.34
Canada,2026/8/12,USD,131.4
Canada,2026/9/9,USD,131.46
Canada,2026/8/28,USD,131.52
Canada,2026/6/29,USD,135.76
Canada,2026/6/30,USD,136.1
Canada,2026/5/26,USD,140.1
Canada,2026/8/18,USD,140.64
Canada,2026/4/6,USD,143.02
Canada,2026/8/11,USD,152.5
Canada,2026/6/10,USD,152.96
Canada,2026/6/15,USD,155.11
Canada,2026/6/17,USD,172.8
Canada,2026/5/13,USD,173.1
